error_log,solution
Error: connection timed out,Check your internet connection and try again
Error: invalid username or password,Double-check your username and password and try again
Error: file not found,Make sure the file exists and you have the correct file path
Error: out of memory,Close other programs or delete unnecessary files to free up memory
Error: access denied,Check that you have the necessary permissions to access the file or resource
Error: invalid input,Check the input data and try again
Error: unable to connect to database,Check the database connection settings and try again
Error: invalid command,Check the syntax of the command and try again
Error: syntax error,Check the syntax of the code and try again
Error: division by zero,Make sure you are not dividing by zero
Error: index out of range,Check that the index is within the valid range of the data
Error: invalid operator,Check the operator and try again
Error: out of bounds,Check that the index is within the valid range of the data
Error: invalid argument,Check the arguments and try again
Error: type error,Make sure the variables have the correct data type
Error: null reference,Make sure the object is not null before accessing its properties or methods
Error: stack overflow,Reduce the recursion depth or increase the stack size
Error: not implemented,Make sure the feature is implemented before using it
Error: invalid cast,Make sure the objects are compatible before casting them
Error: null exception,Make sure the object is not null before accessing its properties or methods
Error: IO error,Check that the file exists and you have the necessary permissions to access it
Error: file already exists,Choose a different file name or delete the existing file
Error: directory not found,Make sure the directory exists and you have the correct path
Error: insufficient resources,Close other programs or delete unnecessary files to free up resources
Error: out of range,Check that the value is within the valid range
Error: invalid handle,Make sure the handle is valid before using it
Error: invalid format,Check the format of the data and try again
Error: invalid parameter,Check the parameters and try again
Error: not enough storage,Free up storage space by deleting unnecessary files
Error: not enough memory,Close other programs or delete unnecessary files to free up memory
Error: invalid request,Check the request and try again
Error: invalid response,Check the response and try again
Error: invalid data,Check the data and try again
Error: timeout,Increase the timeout or check the connection
Error: incompatible,Make sure the objects are compatible before using them
Error: not found,Make sure the object exists and you have the correct reference to it
Error: not supported,Make sure the feature is supported before using it
Error: unauthorized,Check that you have the necessary permissions to access the resource
Error: forbidden,Check that you have the necessary permissions to access the resource
Error: not acceptable,Check that the request is acceptable and try again
Error: conflict,Resolve the conflict and try again
Error: gone,The resource is no longer available
Error: length required,Make sure the request includes the necessary length
Error: precondition failed,Make sure the preconditions are met and try again
Error: request entity too large,Reduce the size of the request and try again
Error: request URI too long,Reduce the length of the URI and try again
Error: unsupported media type,Make sure the media type is supported and try again
Error: invalid syntax,Check the syntax of the code and try again
Error: resource not available,Make sure the resource is available and try again
Error: invalid configuration,Check the configuration settings and try again
Error: invalid state,Check the state of the object and try again
Error: invalid operation,Check the operation and try again
Error: invalid property,Check the property and try again
Error: invalid method,Check the method and try again
Error: invalid event,Check the event and try again
Error: invalid delegate,Check the delegate and try again
Error: invalid index,Check the index and try again
Error: invalid element,Check the element and try again
Error: invalid attribute,Check the attribute and try again
Error: invalid parameter type,Make sure the parameter has the correct data type
Error: invalid return type,Make sure the return value has the correct data type
Error: invalid resource,Make sure the resource is valid and try again
Error: invalid response code,Check the response code and try again
Error: invalid status,Check the status and try again
Error: invalid option,Check the option and try again
Error: invalid character,Check the character and try again
Error: invalid token,Check the token and try again
Error: invalid expression,Check the expression and try again
Error: invalid query,Check the query and try again
Error: invalid filter,Check the filter and try again
Error: invalid sort,Check the sort order and try again
Error: invalid group,Check the group and try again
Error: invalid aggregate,Check the aggregate function and try again
Error: invalid transformation,Check the transformation and try again
Error: invalid format,Check the format and try again
Error: invalid encoding,Check the encoding and try again
Error: invalid decoding,Check the decoding and try again
Error: invalid compression,Check the compression and try again
Error: invalid encryption,Check the encryption and try again
Error: invalid authentication,Check the authentication and try again
Error: invalid authorization,Check the authorization and try again
Error: invalid session,Check the session and try again
Error: invalid cookie,Check the cookie and try again
Error: invalid cache,Check the cache and try again
Error: invalid proxy,Check the proxy and try again
Error: invalid protocol,Check the protocol and try again
Error: invalid DNS,Check the DNS settings and try again
Error: invalid IP,Check the IP address and try again
Error: invalid port,Check the port and try again
Error: invalid packet,Check the packet and try again
Error: invalid header,Check the header and try again
Error: invalid payload,Check the payload and try again
Error: invalid checksum,Check the checksum and try again
Error: invalid signature,Check the signature and try again
Error: invalid certificate,Check the certificate and try again
Error: invalid key,Check the key and try again
Error: invalid algorithm,Check the algorithm and try again
Error: invalid input size,Make sure the input size is correct
Error: invalid output size,Make sure the output size is correct
Error: invalid block size,Make sure the block size is correct
Error: invalid key size,Make sure the key size is correct
Error: invalid salt size,Make sure the salt size is correct
Error: invalid iv size,Make sure the iv size is correct
Error: invalid tag size,Make sure the tag size is correct
Error: invalid nonce size,Make sure the nonce size is correct
Error: invalid public key,Check the public key and try again
Error: invalid private key,Check the private key and try again
Error: invalid symmetric key,Check the symmetric key and try again
Error: invalid certificate chain,Check the certificate chain and try again
Error: invalid certificate authority,Check the certificate authority and try again
Error: invalid trust anchor,Check the trust anchor and try again
Error: invalid certificate request,Check the certificate request and try again
Error: invalid certificate response,Check the certificate response and try again
Error: invalid certificate revocation,Check the certificate revocation and try again
Error: invalid certificate renewal,Check the certificate renewal and try again
Error: invalid certificate extension,Check the certificate extension and try again
Error: invalid certificate attribute,Check the certificate attribute and try again
Error: invalid certificate subject,Check the certificate subject and try again
Error: invalid certificate issuer,Check the certificate issuer and try again
Error: invalid certificate serial,Check the certificate serial and try again
Error: invalid certificate version,Check the certificate version and try again
Error: invalid certificate algorithm,Check the certificate algorithm and try again
Error: invalid certificate key usage,Check the certificate key usage and try again
Error: invalid certificate key size,Check the certificate key size and try again
Error: invalid certificate digest,Check the certificate digest and try again
Error: invalid certificate signature,Check the certificate signature and try again
Error: invalid certificate validity,Check the certificate validity and try again
Error: invalid certificate policy,Check the certificate policy and try again
Error: invalid certificate crl,Check the certificate crl and try again
Error: invalid certificate ocsp,Check the certificate ocsp and try again
Error: invalid certificate ca,Check the certificate ca and try again
Error: invalid certificate path,Check the certificate path and try again
Error: invalid certificate revocation list,Check the certificate revocation list and try again
Error: invalid certificate online certificate status protocol,Check the certificate online certificate status protocol and try again
Error: invalid certificate authority information access,Check the certificate authority information access and try again
Error: invalid certificate subject alternative name,Check the certificate subject alternative name and try again
Error: invalid certificate issuer alternative name,Check the certificate issuer alternative name and try again
Error: invalid certificate basic constraints,Check the certificate basic constraints and try again
Error: invalid certificate key identifier,Check the certificate key identifier and try again
Error: invalid certificate authority key identifier,Check the certificate authority key identifier and try again
Error: invalid certificate crl distribution points,Check the certificate crl distribution points and try again
Error: invalid certificate authority information access,Check the certificate authority information access and try again
Error: invalid certificate subject key identifier,Check the certificate subject key identifier and try again
Error: invalid certificate authority key identifier,Check the certificate authority key identifier and try again
Error: invalid certificate key usage,Check the certificate key usage and try again
Error: invalid certificate extended key usage,Check the certificate extended key usage and try again
Error: invalid certificate subject directory attributes,Check the certificate subject directory attributes and try again
Error: invalid certificate subject key identifier,Check the certificate subject key identifier and try again
Error: invalid certificate authority information access,Check the certificate authority information access and try again
Error: invalid certificate crl distribution points,Check the certificate crl distribution points and try again
Error: Invalid username or password,Verify the username and password and try again
Error: Account locked,Contact the system administrator to unlock the account
Error: Two-factor authentication required,Provide the required authentication credentials and try again
Error: Login attempt limit reached,Wait for the login attempt limit to reset or contact the system administrator
Error: Password reset required,Follow the password reset procedures and try again
Error: Incorrect security answer,Verify the security answer and try again
Error: Invalid security question,Verify the security question and try again
Error: Password expired,Update the password and try again
Error: Password complexity requirements not met,Choose a password that meets the complexity requirements and try again
Error: Password history requirement not met,Choose a password that is different from the previous ones and try again
Error: Account disabled,Contact the system administrator to enable the account
Error: Access denied,Check the permissions and try again
Error: Invalid session,Try logging in again
Error: Session expired,Try logging in again
Error: Authentication token expired,Try logging in again
Error: Authentication required,Log in to continue
Error: No active session,Log in to continue
Error: Unauthorized access,Check the permissions and try again
Error: Invalid login attempt,Verify the login credentials and try again
Error: Incorrect password,Verify the password and try again
Error: Incorrect security code,Verify the security code and try again
Error: Incorrect CAPTCHA,Verify the CAPTCHA and try again
Error: Invalid OTP,Verify the OTP and try again
Error: Incorrect OTP,Verify the OTP and try again
Error: OTP expired,Request a new OTP and try again
Error: Invalid OTP format,Verify the OTP format and try again
Error: Invalid security token,Verify the security token and try again
Error: Security token expired,Request a new security token and try again
Error: Invalid security token format,Verify the security token format and try again
Error: Invalid certificate,Verify the certificate and try again
Error: Certificate expired,Update the certificate and try again
Error: Invalid certificate format,Verify the certificate format and try again
Error: Invalid license,Verify the license and try again
Error: License expired,Update the license and try again
Error: Invalid license format,Verify the license format and try again
Error: Invalid token,Verify the token and try again
Error: Token expired,Request a new token and try again
Error: Invalid token format,Verify the token format and try again
Error: Invalid activation code,Verify the activation code and try again
Error: Activation code expired,Request a new activation code and try again
Error: Invalid activation code format,Verify the activation code format and try again
Error: Invalid activation key,Verify the activation key and try again
Error: Activation key expired,Request a new activation key and try again
Error: Invalid activation key format,Verify the activation key format and try again
Error: Invalid security key,Verify the security key and try again
Error: Security key expired,Request a new security key and try again
Error: Invalid security key format,Verify the security key format and try again
Error: Invalid activation link,Verify the activation link and try again
Error: Activation link expired,Request a new activation link and try again
Error: Invalid activation link format,Verify the activation link format and try again
Error: Invalid registration code,Verify the registration code and try again
Error: Registration code expired,Request a new registration code and try again
Error: Invalid registration code format,Verify the registration code format and try again
Error: Invalid registration key,Verify the registration key and try again
Error: Windows Update error 0x80070002,Run the Windows Update troubleshooter and try again
Error: Windows Update error 0x80070003,Run the Windows Update troubleshooter and try again
Error: Windows Update error 0x80070005,Run the Windows Update troubleshooter and try again
Error: Windows Update error 0x80070057,Run the Windows Update troubleshooter and try again
Error: Windows Update error 0x80070422,Run the Windows Update troubleshooter and try again
Error: Windows Update error 0x800705B4,Run the Windows Update troubleshooter and try again
Error: Windows Update error 0x80073712,Run the Windows Update troubleshooter and try again
Error: Windows Update error 0x8007371B,Run the Windows Update troubleshooter and try again
Error: Windows Update error 0x8007371C,Run the Windows Update troubleshooter and try again
Error: Windows Update error 0x800736CC,Run the Windows Update troubleshooter and try again
Error: Windows Update error 0x800736B3,Run the Windows Update troubleshooter and try again
Error: Windows Update error 0x8007000D,Run the Windows Update troubleshooter and try again
Error: Windows Update error 0x800705B3,Run the Windows Update troubleshooter and try again
Error: Windows Update error 0x80073701,Run the Windows Update troubleshooter and try again
Error: Windows Update error 0x80070002,Check for available updates again
Error: Windows Update error 0x80070003,Check for available updates again
Error: Windows Update error 0x80070005,Check for available updates again
Error: Windows Update error 0x80070057,Check for available updates again
Error: Windows Update error 0x80070422,Check for available updates again
Error: Windows Update error 0x800705B4,Check for available updates again
Error: Windows Update error 0x80073712,Check for available updates again
Error: Windows Update error 0x8007371B,Check for available updates again
Error: Windows Update error 0x8007371C,Check for available updates again
Error: Windows Update error 0x800736CC,Check for available updates again
Error: Windows Update error 0x800736B3,Check for available updates again
Error: Windows Update error 0x8007000D,Check for available updates again
Error: Windows Update error 0x800705B3,Check for available updates again
Error: Windows Update error 0x80073701,Check for available updates again
Error: Office error 0x80072EE2,Close any open Office programs and try again
Error: Office error 0x80072EFD,Close any open Office programs and try again
Error: Office error 0x80070005,Close any open Office programs and try again
Error: Office error 0x8007000D,Close any open Office programs and try again
Error: Office error 0x8007000E,Close any open Office programs and try again
Error: Office error 0x80070057,Close any open Office programs and try again
Error: Office error 0x80070002,Close any open Office programs and try again
Error: Office error 0x80070003,Close any open Office programs and try again
Error: Office error 0x80072EE7,Close any open Office programs and try again
Error: Office error 0x80070422,Close any open Office programs and try again
Error: Office error 0x800705B4,Close any open Office programs and try again
Error: Office error 0x80070057,Check for available updates or reinstall Office
Error: Office error 0x80070002,Check for available updates or reinstall Office
Error: Office error 0x80070003,Check for available updates or reinstall Office
Error: Office error 0x80070005,Check for available updates or reinstall Office
Error: Office error 0x8007000D,Check for available updates or reinstall Office
Error: Office error 0x8007000E,Check for available updates or reinstall Office
Error: Office error 0x80072EE2,Check for available updates or reinstall Office
Error: Office error 0x80072EFD,Check for available updates or reinstall Office
Error: Office error 0x80072EF3,Check for available updates or reinstall Office
Error: Office error 0x80072EE7,Check for available updates or reinstall Office
Error: Office error 0x80070422,Check for available updates or reinstall Office
Error: Office error 0x800705B4,Check for available updates or reinstall Office
Error: Outlook error 0x80042108,Close Outlook and try again
Error: Outlook error 0x80042109,Close Outlook and try again
Error: Outlook error 0x80040900,Close Outlook and try again
Error: Outlook error 0x8004011D,Close Outlook and try again
Error: Outlook error 0x80040119,Close Outlook and try again
Error: Outlook error 0x80040115,Close Outlook and try again
Error: Outlook error 0x80040154,Close Outlook and try again
Error: Outlook error 0x800CCC79,Close Outlook and try again
Error: Outlook error 0x800CCC78,Close Outlook and try again
Error: Outlook error 0x800CCC92,Close Outlook and try again
Error: Outlook error 0x8004210B,Close Outlook and try again
Error: Outlook error 0x800CCC0F,Close Outlook and try again
Error: unable to read file,Make sure the file is not corrupt and you have the correct permissions to read it
Error: invalid date format,Check the date format and try again
Error: invalid URL,Check the URL and try again
Error: invalid IP address,Check the IP address and try again
Error: invalid email address,Check the email address and try again
Error: invalid phone number,Check the phone number and try again
Error: invalid credit card number,Check the credit card number and try again
Error: invalid zip code,Check the zip code and try again
Error: invalid currency,Check the currency and try again
Error: invalid product key,Check the product key and try again
Error: invalid license key,Check the license key and try again
Error: invalid serial number,Check the serial number and try again
Error: invalid activation code,Check the activation code and try again
Error: invalid registration code,Check the registration code and try again
Error: invalid password,Check the password and try again
Error: invalid security code,Check the security code and try again
Error: invalid authorization code,Check the authorization code and try again
Error: invalid verification code,Check the verification code and try again
Error: invalid authentication code,Check the authentication code and try again
Error: invalid encryption key,Check the encryption key and try again
Error: invalid decryption key,Check the decryption key and try again
Error: invalid certificate,Check the certificate and try again
Error: invalid signature,Check the signature and try again
Error: invalid key,Check the key and try again
Error: invalid token,Check the token and try again
Error: invalid request,Check the request and try again
Error: invalid response,Check the response and try again
Error: invalid data,Check the data and try again
Error: invalid format,Check the format of the data and try again
Error: invalid parameter,Check the parameters and try again
Error: invalid syntax,Check the syntax of the code and try again
Error: invalid configuration,Check the configuration settings and try again
Error: invalid state,Check the state of the object and try again
Error: invalid operation,Check the operation and try again
Error: invalid property,Check the property and try again
Error: invalid method,Check the method and try again
Error: invalid function,Check the function and try again
Error: invalid expression,Check the expression and try again
Error: invalid argument,Check the arguments and try again
Error: invalid type,Check the type of the data and try again
Error: invalid value,Check the value of the data and try again
Error: invalid range,Check that the value is within the valid range
Error: invalid index,Check that the index is within the valid range
Error: invalid length,Check the length of the data and try again
Error: invalid size,Check the size of the data and try again
Error: invalid capacity,Check the capacity of the data and try again
Error: invalid count,Check the count of the data and try again
Error: invalid element,Check the element and try again
Error: invalid item,Check the item and try again
Error: invalid object,Check the object and try again
Error: invalid handle,Make sure the handle is valid before using it
Error: invalid reference,Check the reference and try again
Error: invalid pointer,Check the pointer and try again
Error: invalid link,Check the link and try again